
----- INGREDIENTES -----

-- Alface R$ 0,40
INSERT INTO INGREDIENTE (ID, NOME, PRECO) VALUES (1, 'Alface', 0.4);

-- Bacon R$ 2,00
INSERT INTO INGREDIENTE (ID, NOME, PRECO) VALUES (2, 'Bacon', 2.0);

-- Hambúrguer de carne R$ 3,00
INSERT INTO INGREDIENTE (ID, NOME, PRECO) VALUES (3, 'Hambúrguer de carne', 3.0);

-- Ovo R$ 0,80
INSERT INTO INGREDIENTE (ID, NOME, PRECO) VALUES (4, 'Ovo', 0.8);

-- Queijo R$ 1,50
INSERT INTO INGREDIENTE (ID, NOME, PRECO) VALUES (5, 'Queijo', 1.5);

----- ITENS DO CARDAPIO -----

-- X-Bacon: Bacon, hambúrguer de carne e queijo
INSERT INTO ITEM_CARDAPIO (ID, NOME) VALUES (1, 'X-Bacon');
INSERT INTO INGREDIENTE_ITEM_CARDAPIO (ID, QUANTIDADE, INGREDIENTE_ID, ITEM_CARDAPIO_ID) VALUES (1, 1, 2, 1);
INSERT INTO INGREDIENTE_ITEM_CARDAPIO (ID, QUANTIDADE, INGREDIENTE_ID, ITEM_CARDAPIO_ID) VALUES (2, 1, 3, 1);
INSERT INTO INGREDIENTE_ITEM_CARDAPIO (ID, QUANTIDADE, INGREDIENTE_ID, ITEM_CARDAPIO_ID) VALUES (3, 1, 5, 1);

-- X-Burger: Hambúrguer de carne e queijo
INSERT INTO ITEM_CARDAPIO (ID, NOME) VALUES (2, 'X-Burger');
INSERT INTO INGREDIENTE_ITEM_CARDAPIO (ID, QUANTIDADE, INGREDIENTE_ID, ITEM_CARDAPIO_ID) VALUES (4, 1, 3, 2);
INSERT INTO INGREDIENTE_ITEM_CARDAPIO (ID, QUANTIDADE, INGREDIENTE_ID, ITEM_CARDAPIO_ID) VALUES (5, 1, 5, 2);

-- X-Egg: Ovo, hambúrguer de carne e queijo
INSERT INTO ITEM_CARDAPIO (ID, NOME) VALUES (3, 'X-Egg');
INSERT INTO INGREDIENTE_ITEM_CARDAPIO (ID, QUANTIDADE, INGREDIENTE_ID, ITEM_CARDAPIO_ID) VALUES (6, 1, 4, 3);
INSERT INTO INGREDIENTE_ITEM_CARDAPIO (ID, QUANTIDADE, INGREDIENTE_ID, ITEM_CARDAPIO_ID) VALUES (7, 1, 3, 3);
INSERT INTO INGREDIENTE_ITEM_CARDAPIO (ID, QUANTIDADE, INGREDIENTE_ID, ITEM_CARDAPIO_ID) VALUES (8, 1, 5, 3);

-- X-Egg Bacon: Ovo, bacon, hambúrguer de carne e queijo
INSERT INTO ITEM_CARDAPIO (ID, NOME) VALUES (4, 'X-Egg Bacon');
INSERT INTO INGREDIENTE_ITEM_CARDAPIO (ID, QUANTIDADE, INGREDIENTE_ID, ITEM_CARDAPIO_ID) VALUES (9, 1, 4, 4);
INSERT INTO INGREDIENTE_ITEM_CARDAPIO (ID, QUANTIDADE, INGREDIENTE_ID, ITEM_CARDAPIO_ID) VALUES (10, 1, 2, 4);
INSERT INTO INGREDIENTE_ITEM_CARDAPIO (ID, QUANTIDADE, INGREDIENTE_ID, ITEM_CARDAPIO_ID) VALUES (11, 1, 3, 4);
INSERT INTO INGREDIENTE_ITEM_CARDAPIO (ID, QUANTIDADE, INGREDIENTE_ID, ITEM_CARDAPIO_ID) VALUES (12, 1, 5, 4);

